,Open time,Open,High,Low,Close,Volume,Close time,Quote asset volume,Number of trades,Taker buy base asset volume,Taker buy quote asset volume,Ignore
0,2017-07-10,0.08,0.093699,0.075591,0.082241,14859.281,2017-07-16 23:59:59.999,1255.48279377,14754,8884.298,748.71065665,0
1,2017-07-17,0.082368,0.109068,0.074982,0.083533,49431.897,2017-07-23 23:59:59.999,4327.14317201,54321,29901.52,2622.65967296,0
2,2017-07-24,0.083438,0.083973,0.064335,0.070109,69342.178,2017-07-30 23:59:59.999,5239.21152518,72039,37110.08,2810.49302321,0
3,2017-07-31,0.070406,0.08526,0.06759,0.081029,88661.947,2017-08-06 23:59:59.999,6940.64207614,89359,44653.557,3496.13610006,0
4,2017-08-07,0.081029,0.093578,0.068007,0.073824,114725.151,2017-08-13 23:59:59.999,9492.80829963,110031,56600.319,4680.71773223,0
5,2017-08-14,0.07385,0.079911,0.066161,0.072198,175746.27,2017-08-20 23:59:59.999,12497.99686,162857,79307.72,5636.84046728,0
6,2017-08-21,0.072198,0.088658,0.07001,0.080436,281150.806,2017-08-27 23:59:59.999,21853.77576415,225937,143081.961,11113.98586872,0
7,2017-08-28,0.080649,0.085085,0.07374,0.075938,221309.526,2017-09-03 23:59:59.999,17717.15032989,203718,117701.735,9424.84724653,0
8,2017-09-04,0.076031,0.076071,0.065,0.070127,181569.165,2017-09-10 23:59:59.999,12858.63425708,181268,91675.713,6498.41982972,0
9,2017-09-11,0.070599,0.072784,0.065,0.069848,64138.338,2017-09-17 23:59:59.999,4475.65929746,81224,29124.319,2037.01794804,0
10,2017-09-18,0.069848,0.077998,0.069615,0.077123,132280.419,2017-09-24 23:59:59.999,9740.29417282,129279,63946.892,4708.21078271,0
11,2017-09-25,0.077184,0.0773,0.068109,0.069105,283371.419,2017-10-01 23:59:59.999,20517.76849499,255293,145448.683,10547.83805566,0
12,2017-10-02,0.069104,0.072239,0.0665,0.067053,236753.558,2017-10-08 23:59:59.999,16301.34797169,260139,112314.594,7737.75098584,0
13,2017-10-09,0.066964,0.067457,0.051084,0.059281,275329.312,2017-10-15 23:59:59.999,16671.06549966,269451,128741.715,7806.99626407,0
14,2017-10-16,0.059107,0.062166,0.04705,0.048973,199460.163,2017-10-22 23:59:59.999,10852.96021495,171852,98165.607,5352.22847113,0
15,2017-10-23,0.049336,0.056,0.047177,0.04965,207983.119,2017-10-29 23:59:59.999,10689.76532212,168028,98628.858,5068.85124466,0
16,2017-10-30,0.049364,0.0512,0.037589,0.040147,281447.476,2017-11-05 23:59:59.999,12224.33008581,248981,131344.513,5718.98572451,0
17,2017-11-06,0.04014,0.054,0.0385,0.052038,548721.054,2017-11-12 23:59:59.999,25244.92967626,416064,256976.788,11855.44733618,0
18,2017-11-13,0.052094,0.054661,0.040914,0.043969,572413.686,2017-11-19 23:59:59.999,26346.63978663,318707,261714.968,12064.8000998,0
19,2017-11-20,0.043969,0.059401,0.043673,0.050704,831863.94,2017-11-26 23:59:59.999,40728.45907786,585249,393806.614,19265.06092569,0
20,2017-11-27,0.050697,0.0512,0.040418,0.041141,778112.257,2017-12-03 23:59:59.999,34912.19830847,712053,373463.562,16733.15708148,0
21,2017-12-04,0.041155,0.041312,0.023121,0.028692,1131571.029,2017-12-10 23:59:59.999,36814.44686035,1135762,570884.582,18524.14332115,0
22,2017-12-11,0.028692,0.0465,0.026746,0.037448,1780325.107,2017-12-17 23:59:59.999,66472.45139177,1653611,861596.781,32114.50827927,0
23,2017-12-18,0.037343,0.0517,0.036995,0.048795,2186047.173,2017-12-24 23:59:59.999,101719.70604249,2433683,1041083.44,48466.18758262,0
24,2017-12-25,0.048765,0.055449,0.046282,0.053586,2034693.963,2017-12-31 23:59:59.999,104069.10975718,2540664,970043.482,49629.77856807,0
25,2018-01-01,0.053586,0.07,0.05104,0.069313,3563224.513,2018-01-07 23:59:59.999,219142.34573776,4764458,1700029.466,104561.50069679,0
26,2018-01-08,0.069323,0.101004,0.069002,0.09986,2654024.152,2018-01-14 23:59:59.999,231754.77289138,4023964,1260070.585,110020.45083557,0
27,2018-01-15,0.09986,0.101219,0.081,0.091001,1910430.764,2018-01-21 23:59:59.999,173622.27936135,3344125,902043.81,82014.80516836,0
28,2018-01-22,0.091001,0.105639,0.08928,0.105244,1220072.005,2018-01-28 23:59:59.999,115157.95902217,2529070,585575.338,55269.57701949,0
29,2018-01-29,0.105244,0.123799,0.09688,0.10087,1085678.38,2018-02-04 23:59:59.999,116946.37309529,3056804,498780.262,53732.60464571,0
30,2018-02-05,0.100869,0.103672,0.094431,0.10036,848373.033,2018-02-11 23:59:59.999,84839.80011923,2466949,401008.919,40117.96818327,0
31,2018-02-12,0.100393,0.10055,0.086131,0.087699,896416.341,2018-02-18 23:59:59.999,84442.01672284,2970087,431245.43,40586.72152373,0
32,2018-02-19,0.08773,0.0886,0.070828,0.087861,703146.618,2018-02-25 23:59:59.999,58519.12821143,2227949,344596.532,28707.10738959,0
33,2018-02-26,0.087786,0.0898,0.0745,0.07528,707941.911,2018-03-04 23:59:59.999,57304.45262837,2452781,348533.466,28222.18641359,0
34,2018-03-05,0.075279,0.079757,0.072469,0.075753,652068.393,2018-03-11 23:59:59.999,49591.68213016,2271221,315675.926,24015.83332322,0
35,2018-03-12,0.075672,0.077186,0.0618,0.065641,751292.232,2018-03-18 23:59:59.999,54450.11315533,1989492,377793.64,27419.56326089,0
36,2018-03-19,0.065643,0.06673,0.06,0.061885,931830.96,2018-03-25 23:59:59.999,58111.20563591,2318155,470627.807,29343.51952748,0
37,2018-03-26,0.061885,0.062239,0.053998,0.055546,1051581.86,2018-04-01 23:59:59.999,59993.64629489,2091670,525558.37,29983.8370205,0
38,2018-04-02,0.055545,0.057261,0.053672,0.05709,828450.025,2018-04-08 23:59:59.999,45987.70546537,2147630,417353.094,23178.40081642,0
39,2018-04-09,0.05709,0.064686,0.056991,0.063889,1025763.381,2018-04-15 23:59:59.999,62792.01321925,1739220,508451.41,31129.31503915,0
40,2018-04-16,0.063957,0.072665,0.062874,0.070652,1019382.287,2018-04-22 23:59:59.999,67908.27975607,2167767,497751.309,33196.96345243,0
41,2018-04-23,0.070652,0.075759,0.066688,0.073316,1088089.061,2018-04-29 23:59:59.999,78344.25876947,2368037,545738.314,39305.4341911,0
42,2018-04-30,0.073316,0.084669,0.070492,0.0822,1171227.446,2018-05-06 23:59:59.999,91315.42875162,2568399,597343.084,46587.03398586,0
43,2018-05-07,0.0822,0.085433,0.07595,0.084004,1102267.725,2018-05-13 23:59:59.999,88633.10263704,2291414,554928.184,44671.42620971,0
44,2018-05-14,0.084004,0.085901,0.082409,0.083917,742239.275,2018-05-20 23:59:59.999,62416.95583573,1523506,389877.09,32798.41410016,0
45,2018-05-21,0.083917,0.084386,0.0753,0.077714,816438.403,2018-05-27 23:59:59.999,65115.9804445,1445096,437501.55,34919.70741234,0
46,2018-05-28,0.077768,0.080857,0.0715,0.080234,860259.196,2018-06-03 23:59:59.999,65553.69690826,1270512,472880.128,36056.41759252,0
47,2018-06-04,0.080299,0.080799,0.0755,0.07754,772069.912,2018-06-10 23:59:59.999,61003.07606667,1281932,422914.266,33427.58027965,0
48,2018-06-11,0.077482,0.079096,0.07225,0.077072,781445.843,2018-06-17 23:59:59.999,59643.359393,1287250,425471.585,32485.52963002,0
49,2018-06-18,0.07706,0.080394,0.0727,0.074027,708718.587,2018-06-24 23:59:59.999,54844.87040168,1176138,387457.86,29998.03416025,0
50,2018-06-25,0.074028,0.075563,0.0691,0.071152,682285.42,2018-07-01 23:59:59.999,48725.24602682,923900,360281.026,25744.18419701,0
51,2018-07-02,0.071199,0.073104,0.070008,0.072534,730334.667,2018-07-08 23:59:59.999,52153.53353594,1127847,393231.023,28086.74677144,0
52,2018-07-09,0.072555,0.072796,0.06753,0.07075,602209.24,2018-07-15 23:59:59.999,42010.10113318,837060,328450.985,22914.83429948,0
53,2018-07-16,0.07075,0.071898,0.060375,0.061855,816676.502,2018-07-22 23:59:59.999,53521.95609023,1213412,453438.322,29710.39024007,0
54,2018-07-23,0.061855,0.061882,0.056511,0.056777,790204.082,2018-07-29 23:59:59.999,45806.92434342,969987,430113.078,24935.36224284,0
55,2018-07-30,0.056794,0.058597,0.054143,0.05816,766727.187,2018-08-05 23:59:59.999,42974.12838357,820899,422711.538,23696.86904509,0
56,2018-08-06,0.05816,0.0587,0.049669,0.050382,924326.947,2018-08-12 23:59:59.999,50870.70485472,1012309,516404.83,28442.23097059,0
57,2018-08-13,0.050389,0.050531,0.041941,0.0462,1274105.152,2018-08-19 23:59:59.999,58374.64213468,1081935,692304.213,31728.33580284,0
58,2018-08-20,0.046218,0.04659,0.040612,0.040912,1079986.828,2018-08-26 23:59:59.999,46055.48311444,884124,607340.807,25903.35931899,0
59,2018-08-27,0.040903,0.041939,0.036388,0.040489,1265862.472,2018-09-02 23:59:59.999,51740.82850086,1013119,708961.141,28984.41389641,0
60,2018-09-03,0.040477,0.040518,0.030124,0.031362,1910744.833,2018-09-09 23:59:59.999,67260.46860374,1305944,1026400.604,36147.38094388,0
61,2018-09-10,0.031362,0.034721,0.026882,0.033862,2180564.913,2018-09-16 23:59:59.999,67703.3993566,1234216,1135209.252,35175.93201153,0
62,2018-09-17,0.033861,0.037512,0.030946,0.036461,1794017.119,2018-09-23 23:59:59.999,60961.21103903,1158055,972397.703,33076.36333222,0
63,2018-09-24,0.036442,0.036597,0.031994,0.035178,1599200.153,2018-09-30 23:59:59.999,54543.2782646,1056540,848016.502,28914.61924062,0
64,2018-10-01,0.035175,0.03538,0.03346,0.034228,1113098.105,2018-10-07 23:59:59.999,38133.28834733,726845,612267.102,20972.80735631,0
65,2018-10-08,0.034223,0.03465,0.03048,0.031059,1471856.428,2018-10-14 23:59:59.999,48097.6590652,1055624,798514.118,26137.87399994,0
66,2018-10-15,0.031053,0.033435,0.0308,0.031494,1381325.479,2018-10-21 23:59:59.999,43689.68426349,1009150,746075.034,23595.71822946,0
67,2018-10-22,0.031487,0.031982,0.031041,0.031616,810497.322,2018-10-28 23:59:59.999,25405.2433902,712950,400721.354,12561.28984365,0
68,2018-10-29,0.031616,0.033577,0.030834,0.032705,939228.677,2018-11-04 23:59:59.999,29517.49783671,869326,484682.19,15230.31461471,0
69,2018-11-05,0.032705,0.034084,0.0322,0.032976,964432.132,2018-11-11 23:59:59.999,31894.32740969,955370,473987.721,15671.00653157,0
70,2018-11-12,0.032976,0.033132,0.030033,0.0316,1226189.56,2018-11-18 23:59:59.999,39026.48123154,1016392,628165.659,19985.09728796,0
71,2018-11-19,0.0316,0.031642,0.027855,0.029038,2589577.42,2018-11-25 23:59:59.999,76141.74603903,1499094,1334953.719,39244.06106327,0
72,2018-11-26,0.029037,0.0292,0.0273,0.028026,1716074.779,2018-12-02 23:59:59.999,48521.05017367,1246686,873995.669,24728.80938536,0
73,2018-12-03,0.028026,0.028449,0.02463,0.0263,1967642.482,2018-12-09 23:59:59.999,52618.10333896,1277307,1013885.059,27113.07344798,0
74,2018-12-10,0.026307,0.026753,0.025157,0.026231,1238324.157,2018-12-16 23:59:59.999,32363.03118223,793696,661470.744,17290.38199225,0
75,2018-12-17,0.026232,0.033125,0.026161,0.032837,2420718.661,2018-12-23 23:59:59.999,68493.31711996,1559922,1309752.024,36966.62701507,0
76,2018-12-24,0.032845,0.037672,0.031302,0.036235,2576690.054,2018-12-30 23:59:59.999,88854.32669989,1631978,1332253.844,45978.28372908,0
77,2018-12-31,0.036234,0.041752,0.0353,0.03857,1911036.982,2019-01-06 23:59:59.999,74352.4177408,1324771,983401.624,38267.62094137,0
78,2019-01-07,0.03857,0.038791,0.032363,0.032845,1665697.543,2019-01-13 23:59:59.999,59683.775816,1310238,847505.436,30387.40042033,0
79,2019-01-14,0.032844,0.035556,0.032805,0.033214,1669190.448,2019-01-20 23:59:59.999,56408.40849181,1405752,863567.926,29194.7777522,0
80,2019-01-21,0.033214,0.033289,0.031549,0.031565,1351736.183,2019-01-27 23:59:59.999,44054.62667596,1056737,683942.989,22294.0542393,0
81,2019-01-28,0.031562,0.031762,0.029805,0.031035,1340089.222,2019-02-03 23:59:59.999,41409.48032175,982234,679443.897,20996.22484969,0
82,2019-02-04,0.031038,0.0342,0.029865,0.033999,1303638.235,2019-02-10 23:59:59.999,41223.83292379,955668,654645.246,20700.03476625,0
83,2019-02-11,0.034,0.036994,0.032945,0.03648,1382042.502,2019-02-17 23:59:59.999,47097.13765703,1046557,693177.94,23624.44593584,0
84,2019-02-18,0.036478,0.03985,0.035218,0.035302,2121450.812,2019-02-24 23:59:59.999,79240.61008497,1531189,1121971.066,41924.1902501,0
85,2019-02-25,0.035301,0.036778,0.033848,0.034293,1780668.807,2019-03-03 23:59:59.999,63320.11218696,1405114,947363.487,33685.31323313,0
86,2019-03-04,0.034293,0.036099,0.03336,0.034567,1670010.755,2019-03-10 23:59:59.999,58191.58060695,1344595,915179.501,31882.48395949,0
87,2019-03-11,0.034577,0.035752,0.0335,0.034828,1556724.977,2019-03-17 23:59:59.999,53727.4316958,1311598,852290.334,29417.06876775,0
88,2019-03-18,0.034828,0.035248,0.03372,0.034086,1084083.738,2019-03-24 23:59:59.999,37206.38679085,841613,561599.936,19273.2037784,0
89,2019-03-25,0.034089,0.035409,0.033653,0.034482,1425383.394,2019-03-31 23:59:59.999,48925.23374544,1188353,747485.938,25661.38854508,0
90,2019-04-01,0.034482,0.034948,0.030603,0.033702,2368175.743,2019-04-07 23:59:59.999,78143.11778029,1735834,1183776.151,39068.53975666,0
91,2019-04-08,0.033688,0.035259,0.032024,0.032567,1629115.087,2019-04-14 23:59:59.999,54655.0362407,1126895,826331.669,27723.36188038,0
92,2019-04-15,0.032571,0.033297,0.031126,0.032067,1059326.151,2019-04-21 23:59:59.999,34278.25059015,812176,553461.508,17907.76328133,0
93,2019-04-22,0.032067,0.032455,0.029206,0.02973,1262845.21,2019-04-28 23:59:59.999,38377.33876234,956772,645642.414,19605.02405718,0
94,2019-04-29,0.029731,0.030639,0.027879,0.028231,1191435.468,2019-05-05 23:59:59.999,34870.6735641,872059,615343.667,17990.74838335,0
95,2019-05-06,0.028233,0.031406,0.02558,0.026992,1874854.517,2019-05-12 23:59:59.999,53002.47748223,1194877,926219.253,26217.13223915,0
96,2019-05-13,0.026992,0.034848,0.024647,0.031811,2959079.678,2019-05-19 23:59:59.999,90711.18951092,1752306,1518948.528,46622.93539188,0
97,2019-05-20,0.031812,0.032763,0.030138,0.030688,1687310.563,2019-05-26 23:59:59.999,53256.73734563,1166835,849341.919,26806.58603115,0
98,2019-05-27,0.030688,0.033153,0.029742,0.030817,1712966.817,2019-06-02 23:59:59.999,53422.63132183,1267792,858206.493,26771.04697316,0
99,2019-06-03,0.030817,0.032127,0.03,0.030284,1148231.386,2019-06-09 23:59:59.999,35735.3890573,1048696,598444.539,18634.19106282,0
100,2019-06-10,0.030284,0.032295,0.029363,0.029901,1258533.411,2019-06-16 23:59:59.999,38753.69178396,1136840,618044.345,19026.71650428,0
101,2019-06-17,0.029902,0.029972,0.027821,0.028289,1798384.923,2019-06-23 23:59:59.999,52200.27438966,1349539,924928.704,26853.35796014,0
102,2019-06-24,0.028286,0.028629,0.024981,0.026972,2487812.849,2019-06-30 23:59:59.999,66059.29577374,1755502,1273901.449,33824.98827367,0
103,2019-07-01,0.026967,0.028319,0.02485,0.026706,1663990.238,2019-07-07 23:59:59.999,43961.28629427,1311107,855616.022,22617.61068046,0
104,2019-07-08,0.026713,0.026933,0.022002,0.022198,1695219.438,2019-07-14 23:59:59.999,40554.98034014,1353252,857414.5,20557.05610932,0
105,2019-07-15,0.022196,0.022388,0.020138,0.021285,1814720.866,2019-07-21 23:59:59.999,38826.51636502,1480525,924372.45,19761.16066615,0
106,2019-07-22,0.021291,0.022492,0.020812,0.022165,999895.162,2019-07-28 23:59:59.999,21690.34832618,1013779,476374.124,10339.95965199,0
107,2019-07-29,0.022171,0.022269,0.020117,0.020292,807130.355,2019-08-04 23:59:59.999,17167.84529679,883016,401292.438,8528.42719069,0
108,2019-08-05,0.020294,0.020374,0.017567,0.018742,1242077.29,2019-08-11 23:59:59.999,23468.64010962,1104095,643060.776,12146.13561739,0
109,2019-08-12,0.018744,0.01979,0.017615,0.018861,1029532.382,2019-08-18 23:59:59.999,19049.6943344,1027364,493305.646,9134.14060061,0
110,2019-08-19,0.018859,0.019178,0.0181,0.018398,940203.187,2019-08-25 23:59:59.999,17537.48442274,1015459,443164.096,8265.88890089,0
111,2019-08-26,0.018404,0.018678,0.01723,0.017558,864316.208,2019-09-01 23:59:59.999,15516.72310536,913859,437065.715,7863.81486292,0
112,2019-09-02,0.017555,0.01772,0.01615,0.017449,961960.316,2019-09-08 23:59:59.999,16246.37228761,882425,439593.476,7415.55209755,0
113,2019-09-09,0.017447,0.018436,0.016936,0.01835,883748.484,2019-09-15 23:59:59.999,15635.76252593,750981,381794.072,6754.53055029,0
114,2019-09-16,0.01835,0.022229,0.018348,0.02106,1583674.276,2019-09-22 23:59:59.999,32636.90383769,973970,761842.22,15680.14185035,0
115,2019-09-23,0.021062,0.021603,0.018802,0.021042,1685636.354,2019-09-29 23:59:59.999,34268.2669535,1116065,839039.874,17076.03361014,0
116,2019-09-30,0.021042,0.022085,0.020978,0.021654,972033.357,2019-10-06 23:59:59.999,20885.51682283,747973,504810.406,10843.49931037,0
117,2019-10-07,0.021651,0.023037,0.021379,0.021874,1204801.373,2019-10-13 23:59:59.999,26637.1928053,952772,599005.259,13249.09868459,0
118,2019-10-14,0.021873,0.022525,0.021215,0.021309,817783.258,2019-10-20 23:59:59.999,17897.9359391,712454,426242.212,9330.69513095,0
119,2019-10-21,0.021305,0.021958,0.018856,0.019292,1577751.895,2019-10-27 23:59:59.999,32624.10929661,1096902,794890.01,16451.18027883,0
120,2019-10-28,0.019292,0.020543,0.018975,0.019739,997524.801,2019-11-03 23:59:59.999,19764.91194348,837320,492930.056,9767.93749404,0
121,2019-11-04,0.019743,0.021618,0.019665,0.020905,957873.398,2019-11-10 23:59:59.999,19603.5667451,812475,488929.468,10009.97414307,0
122,2019-11-11,0.020906,0.021713,0.020891,0.021621,805922.867,2019-11-17 23:59:59.999,17200.44529757,727935,399972.362,8536.38044714,0
123,2019-11-18,0.021621,0.021824,0.0202,0.020272,1181914.119,2019-11-24 23:59:59.999,25008.37881806,1028011,591065.218,12516.36307368,0
124,2019-11-25,0.020279,0.021096,0.019769,0.020392,1056964.623,2019-12-01 23:59:59.999,21504.9240097,807924,524170.513,10668.47271151,0
125,2019-12-02,0.020392,0.02053,0.0195,0.020031,717321.112,2019-12-08 23:59:59.999,14372.97481776,620791,329436.77,6604.77099708,0
126,2019-12-09,0.020026,0.020232,0.019598,0.020012,605639.721,2019-12-15 23:59:59.999,12110.02423445,582233,297937.149,5958.98809912,0
127,2019-12-16,0.020013,0.020082,0.017586,0.017616,1044792.826,2019-12-22 23:59:59.999,19281.95107656,840705,515384.353,9505.22417714,0
128,2019-12-23,0.017616,0.018336,0.017184,0.018184,771119.878,2019-12-29 23:59:59.999,13522.03125393,663360,403275.741,7070.80606411,0
129,2019-12-30,0.018185,0.018565,0.0178,0.0184,724378.87,2020-01-05 23:59:59.999,13165.20300004,684770,366306.106,6657.08757502,0
130,2020-01-06,0.0184,0.0189,0.016958,0.017906,993360.548,2020-01-12 23:59:59.999,17671.40330969,952023,499235.238,8889.29587648,0
131,2020-01-13,0.017904,0.020039,0.017364,0.019172,1480216.185,2020-01-19 23:59:59.999,27805.64879671,1369893,738694.463,13887.23615808,0
132,2020-01-20,0.019171,0.019553,0.01883,0.019489,647651.33,2020-01-26 23:59:59.999,12474.59063923,733032,314017.85,6048.22024597,0
133,2020-01-27,0.019489,0.020439,0.018505,0.020188,932531.785,2020-02-02 23:59:59.999,18023.66633565,990582,455195.031,8794.5678209,0
134,2020-02-03,0.020189,0.023156,0.020122,0.022515,1419856.028,2020-02-09 23:59:59.999,30849.95546109,1286761,705200.854,15318.06147758,0
135,2020-02-10,0.022513,0.027844,0.022063,0.026105,2358477.495,2020-02-16 23:59:59.999,60095.37512911,1951824,1160216.546,29558.65875232,0
136,2020-02-17,0.02611,0.0285,0.02488,0.027619,1633819.65,2020-02-23 23:59:59.999,44157.35474297,1369378,814887.597,22032.84481152,0
137,2020-02-24,0.027628,0.027799,0.024566,0.02551,1539806.255,2020-03-01 23:59:59.999,40232.20799705,1072335,777707.253,20331.98334024,0
138,2020-03-02,0.02552,0.027495,0.024458,0.024815,1365284.533,2020-03-08 23:59:59.999,35431.97525032,883446,679638.914,17645.94472771,0
139,2020-03-09,0.024818,0.026172,0.020995,0.023087,3812081.862,2020-03-15 23:59:59.999,90270.71063899,1947270,1922032.776,45580.2377432,0
140,2020-03-16,0.023084,0.0233,0.020427,0.021026,2589560.523,2020-03-22 23:59:59.999,56855.33504765,1244383,1282358.42,28158.26107721,0
141,2020-03-23,0.021029,0.02135,0.020191,0.021158,1518961.087,2020-03-29 23:59:59.999,31433.07794475,774138,740141.604,15325.0782681,0
142,2020-03-30,0.021158,0.021299,0.02039,0.021063,1447080.416,2020-04-05 23:59:59.999,30146.16344718,605503,715910.052,14922.14095887,0
143,2020-04-06,0.021068,0.023717,0.021013,0.022979,2011495.729,2020-04-12 23:59:59.999,46086.95070692,824509,969215.156,22218.831302,0
144,2020-04-13,0.022977,0.026028,0.0226,0.025282,1869040.724,2020-04-19 23:59:59.999,44933.48912689,681765,921971.967,22167.52655424,0
145,2020-04-20,0.025276,0.026023,0.0246,0.025659,1745745.081,2020-04-26 23:59:59.999,44235.11243854,687458,859591.688,21801.87146619,0
146,2020-04-27,0.025664,0.026,0.023419,0.023592,1761789.742,2020-05-03 23:59:59.999,43357.6798972,822311,877321.615,21594.51189562,0
147,2020-05-04,0.023594,0.023679,0.021047,0.021506,1669010.438,2020-05-10 23:59:59.999,36967.02771593,923210,851886.826,18872.44709812,0
148,2020-05-11,0.021504,0.021823,0.020483,0.02139,1589716.471,2020-05-17 23:59:59.999,33729.92999283,919386,776795.887,16478.97380019,0
149,2020-05-18,0.021387,0.023204,0.021314,0.022928,1320189.431,2020-05-24 23:59:59.999,29295.6630318,676421,644659.654,14309.6694847,0
150,2020-05-25,0.022924,0.025601,0.022135,0.024511,1536054.536,2020-05-31 23:59:59.999,36160.23820512,880348,755846.509,17822.32973959,0
151,2020-06-01,0.024507,0.025489,0.023945,0.02509,1411078.982,2020-06-07 23:59:59.999,35147.49248645,779877,708225.158,17643.34351829,0
152,2020-06-08,0.025092,0.0255,0.024574,0.024809,1153316.894,2020-06-14 23:59:59.999,28865.38152259,678211,572356.02,14328.82023405,0
153,2020-06-15,0.024809,0.02485,0.024251,0.024534,1050328.487,2020-06-21 23:59:59.999,25824.27223229,600639,526276.578,12941.14148215,0
154,2020-06-22,0.024534,0.02582,0.024158,0.02467,1750690.157,2020-06-28 23:59:59.999,43966.43378818,727740,851792.912,21394.62655355,0
155,2020-06-29,0.024668,0.025141,0.024415,0.025087,1282970.482,2020-07-05 23:59:59.999,31873.90434564,543937,643234.989,15981.87467153,0
156,2020-07-06,0.025084,0.026368,0.025033,0.026102,1713682.956,2020-07-12 23:59:59.999,44354.27448674,747184,855171.371,22137.03048027,0
157,2020-07-13,0.0261,0.02632,0.02531,0.025966,1345815.29,2020-07-19 23:59:59.999,34698.80390606,652001,660398.352,17025.82058003,0
158,2020-07-20,0.025966,0.032631,0.025598,0.031314,2503924.103,2020-07-26 23:59:59.999,71230.7326125,1167661,1215109.237,34585.29271524,0
159,2020-07-27,0.031317,0.034769,0.028476,0.033638,5020483.1,2020-08-02 23:59:59.999,154811.85749676,1812184,2518092.242,77696.5991263,0
160,2020-08-03,0.033633,0.035318,0.0318,0.033396,3337125.569,2020-08-09 23:59:59.999,113603.39800573,1301934,1726901.289,58765.77327449,0
161,2020-08-10,0.033396,0.037701,0.032744,0.036408,3318863.219,2020-08-16 23:59:59.999,115254.34315444,1420598,1685693.385,58544.93459956,0
162,2020-08-17,0.036408,0.036467,0.03327,0.033541,2040240.228,2020-08-23 23:59:59.999,70723.69124299,1160125,1033000.615,35817.07732551,0
163,2020-08-24,0.033542,0.036718,0.032831,0.036626,2077236.184,2020-08-30 23:59:59.999,71362.70913246,1048211,1061593.325,36472.99005424,0
164,2020-08-31,0.036622,0.040575,0.031219,0.034398,4454138.304,2020-09-06 23:59:59.999,163937.20723573,2028784,2212144.662,81377.75976181,0
165,2020-09-07,0.0344,0.037175,0.032726,0.03546,2639978.709,2020-09-13 23:59:59.999,92044.35940067,1295270,1332304.833,46465.16093744,0
166,2020-09-14,0.03546,0.036062,0.03313,0.03397,2451652.77,2020-09-20 23:59:59.999,85095.55322494,1129578,1252496.919,43466.21878538,0
167,2020-09-21,0.033975,0.034333,0.030899,0.033181,2249658.247,2020-09-27 23:59:59.999,73495.92867679,1059739,1131040.768,36951.79534146,0
168,2020-09-28,0.033176,0.033889,0.0322,0.03303,1509174.66,2020-10-04 23:59:59.999,49920.05446864,663667,765793.892,25329.21107844,0
169,2020-10-05,0.03303,0.033286,0.031567,0.032912,1398827.811,2020-10-11 23:59:59.999,45484.51873367,594659,686299.688,22311.05424898,0
170,2020-10-12,0.032915,0.033801,0.032221,0.032878,1525990.406,2020-10-18 23:59:59.999,50261.83512869,607518,755486.104,24874.81598498,0
171,2020-10-19,0.03287,0.032919,0.030268,0.03115,1628934.9,2020-10-25 23:59:59.999,51367.00752609,788029,814559.775,25670.20264285,0
172,2020-10-26,0.031146,0.031338,0.02785,0.028822,1505723.95,2020-11-01 23:59:59.999,43984.80741851,706330,770764.743,22524.29272288,0
173,2020-11-02,0.028828,0.029944,0.026557,0.029359,2464687.952,2020-11-08 23:59:59.999,70105.17577035,1201826,1214099.137,34504.45996835,0
174,2020-11-09,0.029355,0.0302,0.027847,0.028087,1970116.412,2020-11-15 23:59:59.999,57277.70457182,889462,992052.303,28828.62909618,0
175,2020-11-16,0.028083,0.03116,0.026291,0.030406,2756203.713,2020-11-22 23:59:59.999,76704.75738695,1214811,1348910.638,37535.76751376,0
176,2020-11-23,0.03041,0.033734,0.029039,0.03168,2955744.428,2020-11-29 23:59:59.999,92004.38768411,1656383,1476207.235,45978.82853552,0
177,2020-11-30,0.031685,0.032285,0.030125,0.031076,2292202.633,2020-12-06 23:59:59.999,71648.91902011,1313728,1158476.281,36213.95397544,0
178,2020-12-07,0.031074,0.031365,0.02988,0.030818,1354992.952,2020-12-13 23:59:59.999,41407.83000974,761230,683188.206,20876.20441713,0
179,2020-12-14,0.030818,0.030879,0.026831,0.027193,1810354.012,2020-12-20 23:59:59.999,52357.14836652,1049440,924111.935,26741.98095814,0
180,2020-12-21,0.027195,0.027309,0.022754,0.026057,2475220.334,2020-12-27 23:59:59.999,63025.48196547,1301217,1224969.191,31187.83863084,0
181,2020-12-28,0.026059,0.0305,0.023083,0.02964,2939426.482,2021-01-03 23:59:59.999,76881.85967338,1988458,1463838.018,38334.56072823,0
182,2021-01-04,0.029639,0.035,0.028929,0.032878,4356439.018,2021-01-10 23:59:59.999,139301.12120759,3869258,2136275.142,68339.70845382,0
183,2021-01-11,0.032877,0.034877,0.02944,0.0344,3008836.968,2021-01-17 23:59:59.999,95377.0286388,2964211,1428610.551,45305.51544052,0
184,2021-01-18,0.0344,0.043364,0.033286,0.043163,3079553.744,2021-01-24 23:59:59.999,116481.62391841,3206390,1477664.966,55913.14548866,0
185,2021-01-25,0.04316,0.045,0.036233,0.039662,3334530.739,2021-01-31 23:59:59.999,135075.15010249,3587900,1642633.272,66526.65279948,0
186,2021-02-01,0.039664,0.04618,0.038477,0.041537,3392322.344,2021-02-07 23:59:59.999,143902.29235155,3829062,1663560.227,70579.88597076,0
187,2021-02-08,0.041539,0.042285,0.036586,0.037053,2922719.739,2021-02-14 23:59:59.999,112148.68600549,3404774,1420446.417,54492.86612792,0
188,2021-02-15,0.037053,0.037998,0.033283,0.033674,2610699.085,2021-02-21 23:59:59.999,93974.20682261,2970380,1278083.608,45997.06734786,0
189,2021-02-22,0.033676,0.034239,0.029933,0.03144,2646182.542,2021-02-28 23:59:59.999,84742.06683658,3186555,1290738.931,41345.0745759,0
190,2021-03-01,0.031441,0.0345,0.030662,0.033872,2345095.882,2021-03-07 23:59:59.999,74915.47225416,2365300,1159718.371,37028.91401554,0
191,2021-03-08,0.033871,0.035281,0.030439,0.031332,2201771.679,2021-03-14 23:59:59.999,71561.3454642,2342588,1111662.573,36154.14170773,0
192,2021-03-15,0.031331,0.032724,0.03041,0.03109,1711492.965,2021-03-21 23:59:59.999,53833.38713965,1896163,851080.482,26772.51998369,0
193,2021-03-22,0.03109,0.03145,0.029341,0.030243,1551850.497,2021-03-28 23:59:59.999,47655.30515667,1728643,771418.016,23695.44649138,0
194,2021-03-29,0.030246,0.0363,0.030201,0.035669,1814294.381,2021-04-04 23:59:59.999,60087.52276083,2033927,904774.309,29979.31499982,0
195,2021-04-05,0.035668,0.036605,0.034708,0.035854,1446039.388,2021-04-11 23:59:59.999,51658.73401789,1934436,701954.15,25079.08351898,0
196,2021-04-12,0.035854,0.040177,0.034883,0.039816,1998073.57,2021-04-18 23:59:59.999,75939.97693997,2874664,975130.259,37070.88516486,0
197,2021-04-19,0.039816,0.048195,0.038013,0.047298,2246480.885,2021-04-25 23:59:59.999,98561.72194955,2902778,1119857.867,49179.62085776,0
198,2021-04-26,0.047284,0.052676,0.046,0.052134,1628458.69,2021-05-02 23:59:59.999,80358.11153989,2151441,768164.668,37896.57319123,0
199,2021-05-03,0.052131,0.0689,0.051825,0.067375,2468798.792,2021-05-09 23:59:59.999,150234.03113892,3697087,1227550.773,74625.30957236,0
200,2021-05-10,0.067375,0.0824,0.065742,0.077152,2351795.374,2021-05-16 23:59:59.999,177513.57036551,3915122,1203802.073,90812.32367208,0
201,2021-05-17,0.077152,0.0798,0.055332,0.060484,3050523.915,2021-05-23 23:59:59.999,206520.77520242,4710663,1505999.283,102129.2686508,0
202,2021-05-24,0.060483,0.07374,0.059881,0.066927,1893376.875,2021-05-30 23:59:59.999,128765.92136349,2977024,904739.359,61565.42229429,0
203,2021-05-31,0.066933,0.075961,0.066014,0.075737,1168293.546,2021-06-06 23:59:59.999,84088.98190853,1914101,562634.984,40497.20585958,0
204,2021-06-07,0.075752,0.077594,0.06272,0.064306,1251748.899,2021-06-13 23:59:59.999,87852.38590806,1772507,624054.335,43693.06390682,0
205,2021-06-14,0.064306,0.0652,0.060313,0.063035,928153.899,2021-06-20 23:59:59.999,58131.36827734,1295117,452139.64,28307.08149939,0
206,2021-06-21,0.063033,0.063578,0.055205,0.057123,1333205.577,2021-06-27 23:59:59.999,77709.92948074,1746571,689611.131,40178.2704825,0
207,2021-06-28,0.057124,0.066635,0.056941,0.065822,1007962.341,2021-07-04 23:59:59.999,62574.53802617,1462711,476954.295,29632.2145101,0
208,2021-07-05,0.065813,0.069138,0.062021,0.062488,815078.01,2021-07-11 23:59:59.999,53453.39860279,1191924,402348.919,26358.86299446,0
209,2021-07-12,0.062485,0.063004,0.058403,0.05952,739686.62,2021-07-18 23:59:59.999,44831.50500127,1060757,353795.736,21446.80086006,0
210,2021-07-19,0.059521,0.064078,0.05779,0.061909,815375.505,2021-07-25 23:59:59.999,50207.5475853,1136475,401372.798,24718.52452858,0
211,2021-07-26,0.061901,0.065053,0.057031,0.064114,1087429.95,2021-08-01 23:59:59.999,65060.06641303,1567625,536610.468,32110.96584591,0
212,2021-08-02,0.064121,0.073242,0.063557,0.068759,1183147.697,2021-08-08 23:59:59.999,80517.76098695,1861232,586839.523,39937.78488775,0
213,2021-08-09,0.068766,0.070486,0.066877,0.070406,848933.654,2021-08-15 23:59:59.999,58620.6099588,1479178,416918.661,28794.38299967,0
214,2021-08-16,0.070406,0.070558,0.064866,0.065754,815948.04,2021-08-22 23:59:59.999,55249.50839277,1299124,407706.007,27615.95214907,0
215,2021-08-23,0.065756,0.067665,0.065229,0.066101,742034.9495,2021-08-29 23:59:59.999,49255.77722474,1071620,375085.2018,24898.63271934,0
216,2021-08-30,0.066101,0.07955,0.065755,0.076316,1186335.4368,2021-09-05 23:59:59.999,88320.59914679,1772570,597652.0902,44523.86376018,0
217,2021-09-06,0.076315,0.076808,0.06951,0.073976,895556.6897,2021-09-12 23:59:59.999,66290.78741227,1792918,442717.9326,32771.68679654,0
218,2021-09-13,0.073972,0.076138,0.069795,0.070452,703191.0994,2021-09-19 23:59:59.999,51138.48604615,1341873,351828.4967,25581.95321004,0
219,2021-09-20,0.070455,0.071272,0.066525,0.070881,762737.0558,2021-09-26 23:59:59.999,52789.61627253,1719091,376546.478,26080.97773457,0
220,2021-09-27,0.07088,0.07195,0.067397,0.070907,550336.0177,2021-10-03 23:59:59.999,38304.27675671,1283280,273566.3603,19038.10227906,0
221,2021-10-04,0.070902,0.071013,0.06245,0.062459,647971.7388,2021-10-10 23:59:59.999,43150.57321018,1443797,322931.8476,21520.40805768,0
222,2021-10-11,0.062457,0.06686,0.059927,0.062526,837627.5451,2021-10-17 23:59:59.999,52885.3199965,1626367,412726.1039,26063.11893667,0
223,2021-10-18,0.062529,0.068163,0.059323,0.067079,819790.8763,2021-10-24 23:59:59.999,52146.00537044,1647797,402111.9119,25574.07311894,0
224,2021-10-25,0.067081,0.0718,0.065269,0.069937,666145.3396,2021-10-31 23:59:59.999,45919.28546245,1704352,324712.1329,22391.13252228,0
225,2021-11-01,0.069941,0.075,0.069133,0.072899,492046.7863,2021-11-07 23:59:59.999,35588.04604255,1310327,244221.6526,17676.20428638,0
226,2021-11-08,0.072899,0.07371,0.0701,0.070615,522434.8801,2021-11-14 23:59:59.999,37465.53383629,1273989,259121.8029,18579.05000996,0
227,2021-11-15,0.070615,0.074418,0.0694,0.072659,564789.2526,2021-11-21 23:59:59.999,40466.12811275,1387958,280822.5207,20129.52998223,0
228,2021-11-22,0.072651,0.076999,0.072195,0.074985,530180.2786,2021-11-28 23:59:59.999,39625.81718757,1453666,261077.602,19514.5290635,0
229,2021-11-29,0.074985,0.085742,0.074905,0.084954,763856.536,2021-12-05 23:59:59.999,61688.99418999,2028265,389022.4969,31438.41918319,0
230,2021-12-06,0.084962,0.088366,0.081,0.082498,515192.905,2021-12-12 23:59:59.999,43690.89326353,1364741,253144.4525,21475.77956916,0
231,2021-12-13,0.082506,0.085152,0.078305,0.084054,568393.346,2021-12-19 23:59:59.999,46594.54489975,1347987,284579.2402,23317.90513522,0
232,2021-12-20,0.084058,0.084764,0.0793,0.080029,359320.5541,2021-12-26 23:59:59.999,29317.53884604,885692,176048.956,14370.20388527,0
233,2021-12-27,0.080037,0.081222,0.07795,0.080962,354722.4828,2022-01-02 23:59:59.999,28161.20614427,807947,177263.6931,14075.06022612,0
234,2022-01-03,0.080963,0.08292,0.07347,0.075293,494911.3088,2022-01-09 23:59:59.999,38858.31181651,1127469,233725.4676,18360.58551266,0
235,2022-01-10,0.075287,0.078095,0.0729,0.077701,357424.0399,2022-01-16 23:59:59.999,27117.05213899,795730,174271.6143,13230.25334695,0
236,2022-01-17,0.077702,0.077804,0.067343,0.070057,587199.3898,2022-01-23 23:59:59.999,42379.80878815,1275759,276316.4391,19956.45066416,0
237,2022-01-24,0.070056,0.070112,0.064465,0.068679,612228.7185,2022-01-30 23:59:59.999,40987.77370463,1271779,298807.1874,20003.97550512,0
238,2022-01-31,0.068674,0.075083,0.06722,0.072097,452582.3346,2022-02-06 23:59:59.999,32498.66959086,1068581,226772.0041,16284.03859495,0
239,2022-02-07,0.072092,0.073406,0.067732,0.068262,383277.7895,2022-02-13 23:59:59.999,27175.24370558,1002356,188631.5276,13373.75996638,0
240,2022-02-14,0.068269,0.072,0.067382,0.068301,336826.1075,2022-02-20 23:59:59.999,23536.40394287,913527,165761.9124,11582.9201832,0
241,2022-02-21,0.068294,0.072128,0.066663,0.069422,498092.4108,2022-02-27 23:59:59.999,34572.85819774,1718739,250128.2802,17366.4853756,0
242,2022-02-28,0.06942,0.070024,0.06513,0.066396,516968.6206,2022-03-06 23:59:59.999,34767.0548347,1362753,256449.0741,17254.19915733,0
243,2022-03-07,0.066396,0.06752,0.064101,0.066587,485467.5144,2022-03-13 23:59:59.999,32061.34945889,1080134,244325.2894,16137.97137407,0
244,2022-03-14,0.066588,0.071042,0.064842,0.069355,523941.6557,2022-03-20 23:59:59.999,35584.51611499,1203055,265727.2973,18050.22543605,0
245,2022-03-21,0.069352,0.071804,0.06915,0.070378,491530.7465,2022-03-27 23:59:59.999,34692.75739338,1125173,242436.2475,17113.0964994,0
246,2022-03-28,0.070377,0.075961,0.069738,0.075886,538976.5985,2022-04-03 23:59:59.999,39281.33660477,1159277,272521.7385,19870.19916987,0
247,2022-04-04,0.075889,0.076822,0.073103,0.075973,533741.0033,2022-04-10 23:59:59.999,39974.70826975,992367,267720.2815,20055.77663131,0
248,2022-04-11,0.075973,0.07635,0.073103,0.0753,510940.3549,2022-04-17 23:59:59.999,38475.09150848,843035,258323.8635,19454.68084811,0
249,2022-04-18,0.075301,0.075378,0.07331,0.074044,475421.6125,2022-04-24 23:59:59.999,35388.59953052,839162,237855.8017,17705.54968349,0
250,2022-04-25,0.074044,0.075032,0.072228,0.073442,556404.9464,2022-05-01 23:59:59.999,40924.23882293,1015364,276992.1969,20376.50623392,0
251,2022-05-02,0.07344,0.075712,0.072303,0.074017,681431.2947,2022-05-08 23:59:59.999,50474.78742796,1044929,342534.0033,25376.58068646,0
252,2022-05-09,0.074017,0.076874,0.0663,0.068484,1395071.567,2022-05-15 23:59:59.999,100019.65178068,2399294,673722.6746,48389.11055947,0
253,2022-05-16,0.068482,0.069016,0.066136,0.067443,1025191.5728,2022-05-22 23:59:59.999,69095.68204801,1209964,492827.9203,33220.49764135,0
254,2022-05-23,0.067444,0.06835,0.059793,0.061541,1005529.2861,2022-05-29 23:59:59.999,63905.445437,1194267,493767.2254,31365.23258859,0
255,2022-05-30,0.061541,0.063269,0.058912,0.060367,1203349.4301,2022-06-05 23:59:59.999,73134.11960244,1434562,593436.0998,36071.9687063,0
256,2022-06-06,0.060368,0.061011,0.052328,0.054003,2603755.6684,2022-06-12 23:59:59.999,149045.03726623,2390521,1254172.0619,71774.58150198,0
257,2022-06-13,0.053997,0.056029,0.049081,0.054849,2956386.9575,2022-06-19 23:59:59.999,155906.8826579,3265273,1454400.0875,76720.17137241,0
258,2022-06-20,0.054849,0.059159,0.052503,0.05694,1546842.6069,2022-06-26 23:59:59.999,85405.72814203,1718129,758687.9822,41884.91076927,0
259,2022-06-27,0.056937,0.058572,0.053069,0.055615,1559578.5596,2022-07-03 23:59:59.999,86474.08938231,1599302,764420.6797,42376.80545747,0
260,2022-07-04,0.055614,0.058769,0.05478,0.055997,1365014.8173,2022-07-10 23:59:59.999,77288.28658445,1451261,684941.0798,38779.20023604,0
261,2022-07-11,0.055997,0.06639,0.053202,0.064357,966855.8452,2022-07-17 23:59:59.999,55711.69116241,1662493,506309.2765,29255.21357402,0
262,2022-07-18,0.064366,0.072331,0.064335,0.070766,993038.7385,2022-07-24 23:59:59.999,67443.73165811,2247925,510582.2075,34696.30590097,0
263,2022-07-25,0.070767,0.073902,0.065136,0.072049,708223.1483,2022-07-31 23:59:59.999,49568.2844193,1984666,349371.4233,24485.30370007,0
264,2022-08-01,0.072049,0.075079,0.06879,0.073366,648314.8183,2022-08-07 23:59:59.999,46529.03410841,1953474,319762.2297,22962.45490255,0
265,2022-08-08,0.073366,0.081653,0.072534,0.079619,667525.3939,2022-08-14 23:59:59.999,51521.52399987,1837452,338974.4264,26193.35045064,0
266,2022-08-15,0.079619,0.08097,0.073337,0.075204,777715.2381,2022-08-21 23:59:59.999,60663.36983709,1848115,391903.8075,30592.69063987,0
267,2022-08-22,0.075204,0.079382,0.072863,0.072956,704443.3722,2022-08-28 23:59:59.999,53299.46113521,1898099,348440.6876,26380.96858054,0
268,2022-08-29,0.072955,0.080766,0.072737,0.078954,645442.3509,2022-09-04 23:59:59.999,50025.61503061,1833097,333394.9272,25848.22427746,0
269,2022-09-05,0.078948,0.085621,0.078941,0.080909,698138.4388,2022-09-11 23:59:59.999,57358.82229339,1991364,359135.4266,29489.25910923,0
270,2022-09-12,0.08091,0.0817,0.068117,0.068721,982202.8547,2022-09-18 23:59:59.999,74874.01539961,3076578,482722.234,36844.15000585,0
271,2022-09-19,0.068723,0.07175,0.066615,0.068834,680927.7024,2022-09-25 23:59:59.999,47219.33840283,2316402,338125.9252,23450.89791524,0
272,2022-09-26,0.068833,0.069972,0.066925,0.066996,725408.6774,2022-10-02 23:59:59.999,49752.5714484,2047386,358715.4989,24603.94994173,0
273,2022-10-03,0.066996,0.068428,0.06635,0.068055,639753.5693,2022-10-09 23:59:59.999,43249.16769903,1425116,318553.651,21537.73424806,0
274,2022-10-10,0.068055,0.068559,0.065536,0.067799,612318.7767,2022-10-16 23:59:59.999,41214.7312979,1203016,291747.9156,19635.01802396,0
275,2022-10-17,0.0678,0.069819,0.067055,0.069709,519931.4342,2022-10-23 23:59:59.999,35279.94373676,1036892,250422.3335,17000.21312571,0
276,2022-10-24,0.06971,0.079278,0.069,0.077114,856948.6309,2022-10-30 23:59:59.999,63530.19801029,1951144,422410.1771,31380.5402484,0
277,2022-10-31,0.077113,0.078889,0.074676,0.07502,624199.7438,2022-11-06 23:59:59.999,47955.2285404,1605758,297546.4632,22871.31944919,0
278,2022-11-07,0.07502,0.07714,0.066,0.074803,1396624.2782,2022-11-13 23:59:59.999,101682.99094809,3393864,695188.7833,50651.62931955,0
279,2022-11-14,0.074803,0.075579,0.069827,0.070162,565906.8755,2022-11-20 23:59:59.999,41445.49195898,1514365,287769.067,21070.99587594,0
280,2022-11-21,0.070162,0.073988,0.068536,0.072662,591395.0877,2022-11-27 23:59:59.999,42061.88420464,1280909,284265.8471,20233.51846025,0
281,2022-11-28,0.072661,0.076097,0.071583,0.074791,422889.5017,2022-12-04 23:59:59.999,31420.2307016,938392,214320.4032,15918.55989528,0
282,2022-12-05,0.074791,0.075306,0.072803,0.073911,272858.0993,2022-12-11 23:59:59.999,20218.34465819,564745,125831.6159,9323.5198684,0
283,2022-12-12,0.073911,0.075,0.069901,0.070664,254607.4556,2022-12-18 23:59:59.999,18498.01857081,433068,118465.363,8616.53089247,0
284,2022-12-19,0.070664,0.073493,0.070447,0.072399,279920.7866,2022-12-25 23:59:59.999,20171.42699167,538140,141280.1494,10179.85108717,0
285,2022-12-26,0.072399,0.07271,0.071521,0.072238,309464.3621,2023-01-01 23:59:59.999,22350.00371196,555817,157481.4638,11374.9067171,0
286,2023-01-02,0.072238,0.075556,0.072071,0.075328,386814.5965,2023-01-08 23:59:59.999,28611.75585096,645953,193465.2995,14308.78217006,0
287,2023-01-09,0.075324,0.07792,0.072016,0.074368,657057.145,2023-01-15 23:59:59.999,49417.83359291,1291873,337612.3954,25380.34389649,0
288,2023-01-16,0.074368,0.074971,0.070761,0.071651,419713.441,2023-01-22 23:59:59.999,30854.17875256,830570,205903.601,15146.52424236,0
289,2023-01-23,0.07165,0.072162,0.0678,0.069281,555747.6474,2023-01-29 23:59:59.999,38578.89434911,1123571,270358.429,18772.52834194,0
290,2023-01-30,0.06928,0.072,0.067801,0.071042,527579.4002,2023-02-05 23:59:59.999,36839.15328495,1055966,254707.4947,17784.47099079,0
291,2023-02-06,0.071042,0.07271,0.069057,0.069548,485306.0229,2023-02-12 23:59:59.999,34533.66013078,1010884,232677.4266,16569.75593914,0
292,2023-02-13,0.069549,0.07037,0.06825,0.069209,611277.7406,2023-02-19 23:59:59.999,42280.66812354,1268920,303886.0804,21022.28960165,0
293,2023-02-20,0.069209,0.069794,0.067648,0.069682,598786.0748,2023-02-26 23:59:59.999,41091.21429843,1278904,304236.5626,20883.27344109,0
294,2023-02-27,0.069681,0.070624,0.069197,0.069754,543338.519,2023-03-05 23:59:59.999,38002.7086102,1122933,271436.2053,18985.59233444,0
295,2023-03-06,0.069754,0.073544,0.069629,0.071836,724029.3753,2023-03-12 23:59:59.999,51383.0834229,1508116,356650.4129,25323.28497859,0
296,2023-03-13,0.071836,0.072033,0.063606,0.06367,959752.7814,2023-03-19 23:59:59.999,64760.26659779,2041016,449291.7629,30310.93993221,0
297,2023-03-20,0.063669,0.065482,0.062226,0.063425,741066.7492,2023-03-26 23:59:59.999,47124.82844119,1357985,369790.8942,23514.64756556,0
298,2023-03-27,0.063424,0.065304,0.062516,0.063692,549595.8811,2023-04-02 23:59:59.999,35115.09105676,827763,269880.5684,17241.88077944,0
299,2023-04-03,0.063692,0.067965,0.063649,0.065623,462493.0712,2023-04-09 23:59:59.999,30582.03138809,898649,238883.9884,15797.39063186,0
300,2023-04-10,0.065623,0.070139,0.062037,0.069918,663061.6327,2023-04-16 23:59:59.999,43902.92656502,1291264,327917.5151,21748.59005565,0
301,2023-04-17,0.069918,0.070928,0.06707,0.067491,520565.2078,2023-04-23 23:59:59.999,35707.26090532,1121448,259584.9614,17814.42209479,0
302,2023-04-24,0.067492,0.067722,0.063945,0.063979,607011.8557,2023-04-30 23:59:59.999,39799.78051251,1183470,295567.547,19378.82026829,0
303,2023-05-01,0.063978,0.067848,0.063939,0.065803,604080.4474,2023-05-07 23:59:59.999,39677.89620931,1153908,299857.6283,19696.03225463,0
304,2023-05-08,0.065803,0.0678,0.065497,0.06685,404416.5516,2023-05-14 23:59:59.999,26995.00418115,1003228,206403.2217,13776.97787554,0
305,2023-05-15,0.066849,0.067643,0.066383,0.06747,176904.7757,2023-05-21 23:59:59.999,11865.55573965,386694,90639.5547,6079.43350027,0
306,2023-05-22,0.06747,0.0688,0.0667,0.068,276714.1839,2023-05-28 23:59:59.999,18836.65818613,514683,127906.6364,8704.12677894,0
307,2023-05-29,0.06801,0.0703,0.0676,0.06971,171854.6,2023-06-04 23:59:59.999,11863.48560213,358973,78325.6731,5408.41771223,0
308,2023-06-05,0.0697,0.07088,0.06716,0.0676,186930.1227,2023-06-11 23:59:59.999,12935.48222861,388787,97919.5073,6771.49713832,0
309,2023-06-12,0.0676,0.0676,0.06446,0.06534,160745.4612,2023-06-18 23:59:59.999,10608.24250648,303571,71081.9458,4691.91189064,0
310,2023-06-19,0.06533,0.06541,0.06108,0.06233,274038.6983,2023-06-25 23:59:59.999,17208.84500052,440240,125445.4178,7873.43064815,0
311,2023-06-26,0.06233,0.06369,0.060524,0.06329,190249.21,2023-07-02 23:59:59.999,11792.12128277,337587,92433.5551,5725.7507165,0
312,2023-07-03,0.06329,0.06435,0.06123,0.06175,135481.8661,2023-07-09 23:59:59.999,8475.61090323,255216,67826.4823,4242.86734873,0
313,2023-07-10,0.06176,0.06442,0.06108,0.06359,159619.8563,2023-07-16 23:59:59.999,10035.17697843,312469,78438.0254,4930.91820055,0
314,2023-07-17,0.06359,0.06385,0.06241,0.06279,82265.3901,2023-07-23 23:59:59.999,5204.14904442,196077,40821.3128,2582.60754789,0
315,2023-07-24,0.06279,0.0642,0.06272,0.06358,81543.4591,2023-07-30 23:59:59.999,5188.76690971,175861,41292.0199,2627.41337782,0
316,2023-07-31,0.06358,0.06376,0.06256,0.06293,90107.8085,2023-08-06 23:59:59.999,5691.21317778,185948,44445.8969,2807.24867142,0
317,2023-08-07,0.06292,0.06323,0.06204,0.0628,80514.4547,2023-08-13 23:59:59.999,5049.41479186,169669,38819.0736,2434.93906788,0
318,2023-08-14,0.06281,0.06468,0.06062,0.06433,201484.6454,2023-08-20 23:59:59.999,12705.84901775,393679,100276.0259,6328.26461588,0
319,2023-08-21,0.06433,0.06446,0.0623,0.06353,117212.6551,2023-08-27 23:59:59.999,7429.78666571,201961,57302.3302,3632.22823077,0
320,2023-08-28,0.06353,0.06356,0.06192,0.06299,141115.0301,2023-09-03 23:59:59.999,8875.37240912,256545,70229.1555,4417.4813084,0
321,2023-09-04,0.06298,0.0641,0.06235,0.06259,97456.5354,2023-09-10 23:59:59.999,6153.09124381,171240,47746.3206,3015.95127128,0
322,2023-09-11,0.0626,0.06267,0.06101,0.06116,112616.8279,2023-09-17 23:59:59.999,6931.30332296,210785,53562.2295,3296.18410205,0
323,2023-09-18,0.06116,0.06133,0.0594,0.06023,96565.2742,2023-09-24 23:59:59.999,5821.04060911,173132,43754.0763,2636.77290024,0
324,2023-09-25,0.06023,0.06257,0.06012,0.06195,120520.7734,2023-10-01 23:59:59.999,7399.56800488,216000,59223.024,3633.475205,0
325,2023-10-02,0.06195,0.06195,0.05811,0.05847,162332.6431,2023-10-08 23:59:59.999,9660.92956771,237115,69141.2364,4116.06429126,0
326,2023-10-09,0.05848,0.0586,0.05675,0.05735,125419.594,2023-10-15 23:59:59.999,7230.55086173,201425,62325.442,3593.70958365,0
327,2023-10-16,0.05736,0.05748,0.05382,0.05548,221208.0721,2023-10-22 23:59:59.999,12184.7726236,301172,108875.8346,5992.13167423,0
328,2023-10-23,0.05548,0.05567,0.051,0.052,338191.8519,2023-10-29 23:59:59.999,17910.60891707,502963,166486.8031,8817.39438402,0
329,2023-10-30,0.05199,0.05434,0.05153,0.05403,209308.9212,2023-11-05 23:59:59.999,11024.39387277,356841,102079.7903,5378.96800091,0
330,2023-11-06,0.05404,0.05821,0.05105,0.05516,370711.0735,2023-11-12 23:59:59.999,20391.41050334,588134,184765.862,10168.65526091,0
331,2023-11-13,0.05516,0.05735,0.05266,0.05384,255626.119,2023-11-19 23:59:59.999,14074.23644171,435064,127315.6404,7007.40404417,0
332,2023-11-20,0.05384,0.05636,0.05328,0.05507,212988.8011,2023-11-26 23:59:59.999,11689.69626348,379736,106049.0301,5821.41866693,0
333,2023-11-27,0.05507,0.05553,0.05354,0.05487,158452.2186,2023-12-03 23:59:59.999,8627.24253837,301372,74167.0225,4039.31706762,0
334,2023-12-04,0.05487,0.055,0.05088,0.05372,322240.1439,2023-12-10 23:59:59.999,17149.22447376,518136,149745.2655,7967.40146601,0
335,2023-12-11,0.05372,0.05431,0.05245,0.05308,194350.8544,2023-12-17 23:59:59.999,10330.95895914,392708,92206.2277,4903.67630563,0
336,2023-12-18,0.05308,0.05366,0.04977,0.05265,258413.9628,2023-12-24 23:59:59.999,13415.748217,413935,119284.4434,6197.56056036,0
337,2023-12-25,0.05266,0.05622,0.05208,0.05397,247344.3868,2023-12-31 23:59:59.999,13416.4673338,443764,125606.4698,6814.44873884,0
338,2024-01-01,0.05398,0.0542,0.05041,0.05058,267003.6852,2024-01-07 23:59:59.999,13885.54482147,509676,133178.8762,6924.83533912,0
339,2024-01-08,0.05057,0.06117,0.0479,0.05925,676554.3205,2024-01-14 23:59:59.999,37049.90287172,1380884,333052.1808,18288.02727014,0
340,2024-01-15,0.05926,0.06053,0.05876,0.05908,201478.8025,2024-01-21 23:59:59.999,11993.14273346,558743,104495.0929,6221.88399269,0
341,2024-01-22,0.05908,0.05928,0.05354,0.05371,237817.8919,2024-01-28 23:59:59.999,13363.07232918,483234,105482.8328,5936.55787102,0
342,2024-01-29,0.0537,0.0549,0.05305,0.05378,178538.7354,2024-02-04 23:59:59.999,9598.86693199,334127,79627.1144,4282.57019056,0
343,2024-02-05,0.05377,0.0559,0.05186,0.05192,210718.1397,2024-02-11 23:59:59.999,11326.10105998,487065,101751.6349,5469.98722668,0
344,2024-02-12,0.05191,0.05535,0.05115,0.05526,263693.9582,2024-02-18 23:59:59.999,14115.40429482,601950,130347.1871,6984.5581224,0
345,2024-02-19,0.05526,0.06019,0.05494,0.06018,265451.6281,2024-02-25 23:59:59.999,15232.46828629,647817,130481.0226,7494.06878082,0
346,2024-02-26,0.06018,0.0605,0.05392,0.05527,395918.3308,2024-03-03 23:59:59.999,22233.82619638,926569,185094.3391,10389.6281575,0
347,2024-03-04,0.05527,0.05894,0.0529,0.05624,498909.0057,2024-03-10 23:59:59.999,27972.59528819,1297976,235772.3104,13243.64348511,0
348,2024-03-11,0.05624,0.05669,0.0528,0.05329,366889.0802,2024-03-17 23:59:59.999,20071.48822651,1167881,177352.8925,9707.19582538,0
349,2024-03-18,0.05329,0.0535,0.05021,0.05139,413496.4855,2024-03-24 23:59:59.999,21480.39073081,1207895,189022.8745,9826.72506236,0
350,2024-03-25,0.0514,0.0518,0.04996,0.05113,246129.7502,2024-03-31 23:59:59.999,12535.53113264,828389,111526.8993,5680.82388929,0
351,2024-04-01,0.05114,0.05123,0.04815,0.04981,264882.1066,2024-04-07 23:59:59.999,13162.37872513,756822,119935.0915,5963.28639379,0
352,2024-04-08,0.0498,0.05206,0.04622,0.04804,347444.5031,2024-04-14 23:59:59.999,17094.10819886,1026274,165892.3411,8161.53127346,0
353,2024-04-15,0.04805,0.04931,0.04745,0.04847,240532.5584,2024-04-21 23:59:59.999,11663.77463966,824244,118990.3922,5770.84270752,0
354,2024-04-22,0.04847,0.05249,0.04767,0.0517,200883.8184,2024-04-28 23:59:59.999,9976.93761986,897817,101519.1686,5048.67746493,0
355,2024-04-29,0.05169,0.05193,0.04858,0.04899,232315.6953,2024-05-05 23:59:59.999,11649.41652741,794760,113518.375,5694.02247393,0
356,2024-05-06,0.04899,0.04957,0.04764,0.04765,121762.454,2024-05-12 23:59:59.999,5881.30587362,471064,56609.7981,2735.6543513,0
357,2024-05-13,0.04765,0.04773,0.04473,0.04633,196983.2968,2024-05-19 23:59:59.999,9102.12631137,764788,90211.1985,4164.79710061,0
358,2024-05-20,0.04634,0.0571,0.04574,0.05585,847712.8538,2024-05-26 23:59:59.999,45255.61694678,3112357,427703.9379,22817.94673654,0
359,2024-05-27,0.05584,0.05744,0.05456,0.0558,225672.0132,2024-06-02 23:59:59.999,12663.51740261,1152375,113576.3772,6372.99676326,0
360,2024-06-03,0.05579,0.05581,0.05218,0.05321,159189.0372,2024-06-09 23:59:59.999,8575.31247192,622126,74795.01,4029.86289026,0
361,2024-06-10,0.05322,0.05472,0.05151,0.05436,174653.2668,2024-06-16 23:59:59.999,9180.86739749,902060,88381.6856,4649.22302529,0
362,2024-06-17,0.05437,0.05506,0.05191,0.05413,170250.6613,2024-06-23 23:59:59.999,9175.49209809,912104,86463.2933,4660.94828754,0
363,2024-06-24,0.05412,0.0563,0.05324,0.05478,178293.9185,2024-06-30 23:59:59.999,9836.28929512,1059573,86817.2109,4789.43600191,0
364,2024-07-01,0.05477,0.05542,0.05201,0.05246,225960.3798,2024-07-07 23:59:59.999,12139.58339812,1490250,107778.5602,5794.4951865,0
365,2024-07-08,0.05247,0.05453,0.05186,0.05337,194863.3402,2024-07-14 23:59:59.999,10403.63660295,1453859,94667.2992,5054.3709988,0
366,2024-07-15,0.05337,0.05414,0.05155,0.05188,188950.9134,2024-07-21 23:59:59.999,10017.65110259,1684170,91425.1909,4851.23526344,0
367,2024-07-22,0.05187,0.05306,0.0473,0.04792,314825.0136,2024-07-28 23:59:59.999,15744.8520632,1313575,155664.6131,7785.98320698,0
368,2024-07-29,0.04792,0.05036,0.04602,0.04624,270027.2885,2024-08-04 23:59:59.999,13138.70888905,1368195,133611.6251,6510.92940357,0
369,2024-08-05,0.04624,0.04634,0.04008,0.04352,496548.4527,2024-08-11 23:59:59.999,21696.22260355,1903064,230104.3495,10056.25754552,0
370,2024-08-12,0.04352,0.04613,0.043,0.04469,205725.1333,2024-08-18 23:59:59.999,9186.79551024,1051560,101504.3722,4532.92953734,0
371,2024-08-19,0.0447,0.04509,0.04266,0.04276,163756.3989,2024-08-25 23:59:59.999,7125.99153953,834892,76834.4267,3342.89044964,0
372,2024-08-26,0.04276,0.043,0.0404,0.04234,160171.7739,2024-09-01 23:59:59.999,6770.00205426,936888,78142.1641,3305.90993032,0
373,2024-09-02,0.04235,0.0434,0.04085,0.04186,170906.5174,2024-09-08 23:59:59.999,7198.60276822,927269,83700.3939,3525.96821622,0
374,2024-09-09,0.04187,0.04214,0.03893,0.03918,162551.5845,2024-09-15 23:59:59.999,6621.84836538,1052628,75462.6157,3073.81545472,0
375,2024-09-16,0.03917,0.0415,0.03833,0.0406,200728.8001,2024-09-22 23:59:59.999,7915.71067296,949654,108218.4143,4263.19469307,0
376,2024-09-23,0.04059,0.04243,0.04025,0.04051,137018.1095,2024-09-29 23:59:59.999,5630.19443241,1019149,70956.2269,2915.80639685,0
377,2024-09-30,0.04051,0.0415,0.03841,0.03884,143420.4135,2024-10-06 23:59:59.999,5708.73566237,771864,70456.0405,2807.1635147,0
378,2024-10-07,0.03884,0.03987,0.03851,0.03926,137089.9668,2024-10-13 23:59:59.999,5375.04464883,582514,72679.5972,2850.70600619,0
379,2024-10-14,0.03927,0.04006,0.0384,0.03979,167548.0606,2024-10-20 23:59:59.999,6549.08636846,643642,85616.3708,3347.81393137,0
380,2024-10-21,0.0398,0.03987,0.03623,0.03687,154423.8161,2024-10-27 23:59:59.999,5851.60267923,683816,75735.1593,2870.58978712,0
381,2024-10-28,0.03687,0.03779,0.03556,0.03573,186106.9116,2024-11-03 23:59:59.999,6781.99293457,654473,92593.8067,3374.80357699,0
382,2024-11-04,0.03574,0.04114,0.03465,0.03962,427153.7024,2024-11-10 23:59:59.999,16141.67554404,1470619,214101.0222,8091.09440446,0
383,2024-11-11,0.03961,0.03974,0.03358,0.03423,439335.2571,2024-11-17 23:59:59.999,15974.70939185,1750848,206554.3231,7506.64472033,0
384,2024-11-18,0.03423,0.03563,0.03187,0.03432,479220.1745,2024-11-24 23:59:59.999,16222.67662273,1653683,229087.6115,7762.92920189,0
385,2024-11-25,0.03432,0.03871,0.03403,0.03814,391901.3782,2024-12-01 23:59:59.999,14468.23369491,1632395,196862.603,7264.43165335,0
386,2024-12-02,0.03814,0.04076,0.03701,0.0396,474968.875,2024-12-08 23:59:59.999,18442.01661584,1880909,227478.2093,8839.1700714,0
387,2024-12-09,0.0396,0.0399,0.03699,0.0379,285387.619,2024-12-15 23:59:59.999,10946.76038193,1175750,136720.1087,5247.39820935,0
388,2024-12-16,0.03791,0.03832,0.03337,0.03448,320245.9839,2024-12-22 23:59:59.999,11470.54313398,903045,153711.1266,5508.13360869,0
389,2024-12-23,0.03448,0.03672,0.03429,0.0358,133041.7693,2024-12-29 23:59:59.999,4717.36596969,316862,66425.1266,2356.03849787,0
390,2024-12-30,0.0358,0.03735,0.03538,0.03696,117242.6532,2025-01-05 23:59:59.999,4245.7220295,345888,58302.0035,2112.54816584,0
391,2025-01-06,0.03697,0.03719,0.03423,0.03456,134570.0484,2025-01-12 23:59:59.999,4747.85264902,460862,62997.018,2223.03038754,0
392,2025-01-13,0.03456,0.03483,0.02996,0.03173,305833.9723,2025-01-19 23:59:59.999,9928.73049309,913535,146657.273,4763.19035973,0
393,2025-01-20,0.03173,0.03255,0.03054,0.03151,231110.9032,2025-01-26 23:59:59.999,7306.72182055,786913,114791.436,3630.20303247,0
394,2025-01-27,0.0315,0.03269,0.0286,0.02938,243828.4714,2025-02-02 23:59:59.999,7548.15666964,766814,124973.4864,3870.68185751,0
395,2025-02-03,0.02938,0.02949,0.02337,0.02724,537209.1732,2025-02-09 23:59:59.999,14766.77384589,1405444,281472.9765,7739.2557487,0
396,2025-02-10,0.02724,0.02855,0.02679,0.02768,140561.4147,2025-02-16 23:59:59.999,3874.83169957,435309,71680.4569,1976.8546207,0
397,2025-02-17,0.02769,0.02968,0.02728,0.02929,242689.8385,2025-02-23 23:59:59.999,6893.75787742,634485,118338.6013,3365.90833619,0
398,2025-02-24,0.02929,0.02944,0.02528,0.02672,540294.49,2025-03-02 23:59:59.999,14526.41010292,1368323,253524.0063,6824.78973814,0
399,2025-03-03,0.02671,0.02674,0.02424,0.02502,304433.6431,2025-03-09 23:59:59.999,7625.22176526,721943,145780.7732,3647.71194595,0
400,2025-03-10,0.02503,0.02596,0.0224,0.02286,293171.8823,2025-03-16 23:59:59.999,6878.83367467,681119,144423.9256,3389.34089889,0
401,2025-03-17,0.02285,0.02427,0.02272,0.02331,152577.7291,2025-03-23 23:59:59.999,3583.12052517,367272,79785.2442,1875.28506675,0
402,2025-03-24,0.02331,0.02406,0.02168,0.02194,155454.947,2025-03-30 23:59:59.999,3537.30428846,355737,70121.2553,1597.62504522,0
403,2025-03-31,0.02195,0.02261,0.0198,0.02016,203343.5654,2025-04-06 23:59:59.999,4397.59905626,522034,102171.5354,2213.29102784,0
404,2025-04-07,0.02015,0.0204,0.01855,0.01907,368579.9277,2025-04-13 23:59:59.999,7149.09765979,693935,187227.4476,3632.69140395,0
405,2025-04-14,0.01907,0.01992,0.01844,0.01863,133845.1091,2025-04-20 23:59:59.999,2545.03306302,338824,66103.923,1257.81471041,0
406,2025-04-21,0.01863,0.01951,0.01766,0.01911,224355.4277,2025-04-27 23:59:59.999,4223.84260104,561839,112890.5457,2124.74331803,0
407,2025-04-28,0.01911,0.01939,0.01863,0.01918,114971.0229,2025-05-04 23:59:59.999,2188.82108161,370322,58049.5316,1106.19717056,0
408,2025-05-05,0.01918,0.02498,0.01854,0.02415,376072.4306,2025-05-11 23:59:59.999,8264.06327312,944994,194184.5916,4257.5411815,0
409,2025-05-12,0.02415,0.02618,0.02247,0.02346,259940.7453,2025-05-18 23:59:59.999,6396.77981714,811219,130833.8859,3224.45201483,0
410,2025-05-19,0.02346,0.02455,0.02285,0.02341,218780.5312,2025-05-25 23:59:59.999,5174.17628419,676422,112224.1336,2655.28706317,0
411,2025-05-26,0.02341,0.02581,0.02319,0.02403,171392.9271,2025-06-01 23:59:59.999,4196.65154586,552772,83984.3476,2054.8304362,0
412,2025-06-02,0.02403,0.02541,0.02358,0.02374,200010.8636,2025-06-08 23:59:59.999,4884.63509332,488665,94255.0198,2303.24674186,0
413,2025-06-09,0.02374,0.02623,0.02347,0.02413,240782.6209,2025-06-15 23:59:59.999,5973.58393039,724878,114750.8341,2847.98623311,0
414,2025-06-16,0.02413,0.02472,0.02139,0.02206,224032.0998,2025-06-22 23:59:59.999,5226.3028373,715059,109551.3772,2562.10265411,0
415,2025-06-23,0.02206,0.02343,0.02194,0.02307,139348.9749,2025-06-29 23:59:59.999,3162.3968936,429667,79295.6815,1800.14714899,0
416,2025-06-30,0.02308,0.02395,0.02259,0.02354,93080.9333,2025-07-06 23:59:59.999,2167.5914811,278814,47478.2234,1106.54981339,0
417,2025-07-07,0.02354,0.02577,0.02327,0.02495,169948.6135,2025-07-13 23:59:59.999,4223.67778372,516076,91892.2984,2284.23907619,0
418,2025-07-14,0.02496,0.03221,0.02469,0.03203,391554.9981,2025-07-20 23:59:59.999,11205.71700743,1144357,197622.8441,5658.27064582,0
419,2025-07-21,0.03203,0.0325,0.02995,0.03243,325214.5379,2025-07-27 23:59:59.999,10227.40306485,1029716,163547.8,5146.73980576,0
420,2025-07-28,0.03243,0.03302,0.02997,0.03063,195716.7546,2025-08-03 23:59:59.999,6211.34112404,745265,99287.55,3158.83453765,0
421,2025-08-04,0.03062,0.0371,0.03059,0.03563,252180.734,2025-08-10 23:59:59.999,8553.18834865,968735,128159.3192,4352.23518361,0
422,2025-08-11,0.03562,0.03946,0.03467,0.0381,402813.9206,2025-08-17 23:59:59.999,15209.11149202,1511845,201725.2822,7611.24206286,0
423,2025-08-18,0.03809,0.04327,0.03607,0.04211,273216.3457,2025-08-24 23:59:59.999,10763.82417171,1458167,139144.2651,5482.3674941,0
424,2025-08-25,0.04212,0.0423,0.03928,0.04058,251112.047,2025-08-31 23:59:59.999,10211.56953296,1183796,114536.5636,4652.91746272,0
425,2025-09-01,0.04057,0.04097,0.0385,0.03874,137627.2613,2025-09-07 23:59:59.999,5414.11932865,659360,67091.0177,2639.76479799,0
426,2025-09-08,0.03874,0.0411,0.038,0.03994,125373.0895,2025-09-14 23:59:59.999,4923.46326918,675622,62921.6929,2472.34205808,0
427,2025-09-15,0.03994,0.04028,0.03821,0.03858,90605.0125,2025-09-21 23:59:59.999,3535.61951421,551861,39963.5594,1558.87122155,0
428,2025-09-22,0.03857,0.03863,0.0363,0.03705,38929.0495,2025-09-28 23:59:59.999,1450.50916532,146501,17486.1765,650.86260764,0
